SourceObjectID,DestinationObjectID
ddf3c384-c45b-461c-8f06-af3dc1bb2723,4f48f31f-0eb3-493f-97a6-97c437275d44
d450638a-c13c-49a7-9b5a-b866b1bc531f,faf18f5e-19d8-4ea4-bec1-bf92cd0eb64c
ecd18163-13e2-49c6-8157-1e4016a2fdfd,8d367636-d079-4973-a684-30d10227116e
b2eed1d9-99af-4278-ac17-7558507b8a6b,4ec6b186-82f3-46a3-8b5e-c498434c9d44
433fc055-9aa0-4dba-969d-c3c4051f5469,71244091-55b0-40d6-b3f4-f71f62673b3f
394f5dd6-9a49-476c-b5cf-49ddbb981dd1,1e986cb5-8ca9-4f2b-9d68-81e5ecd8b731
9076cf21-8048-4d60-92cf-e9d47c4a23b6,5d8db26b-c099-4b91-8659-db38163420e9
094472ed-a81a-4dd3-b98b-8358de8488f9,31416301-5db6-4f48-96ca-f81646cf5c31
85508ce8-0e22-4081-aef2-ebc1bafe9b28,be6b333c-b3ac-4000-9e69-469e0d627199
9ec1370d-6850-4284-93b1-7ad71cab0774,2f1dbcf9-c329-44ed-af13-a8d8c818abe4
998722e2-f135-4452-bae3-535244789ea1,09a3377b-3dca-4b7a-93bb-b1426bca3905
49db274a-3c10-4860-b14b-3a07787a1064,63ef8029-e9f1-4ecc-938c-24b5dbb47d86
8e7061c6-fca8-4d5e-be74-75d698937a3f,d763243a-1163-43ac-9dd7-12f8c9d6265a
b854db66-0fec-40bc-bebf-1d12ee44b459,442c970c-933f-4e2c-8dd0-d84859e53840
14d309aa-9152-4b44-a500-f37287dc34fa,1160abf7-b18d-47b3-8dc4-372b93e14f17
82d94bb2-cb3d-4a23-8d67-93b93dec0a9c,6040967e-cd0d-409b-8d85-d392bb9168cc
9f56ca5b-3614-4cd1-9c58-0c1f2aa20438,c4300239-0210-4b36-9c5a-25749e14e839
32fe57f9-1ccb-4770-afba-f3a62704b3db,dc206a87-fc25-4ad5-8dd3-184b4d748bbd
a9eded9e-21bf-4d1a-aa48-ddb9e7266988,94798d3c-7b80-4412-b982-60160651ad19
fd62a766-c009-4407-8a73-6ce6c8022e90,0ae8ab23-8afa-410f-bb16-5c9fe7472897
d9afbb16-1810-40fd-8253-055911416866,200f931a-3ddc-4e03-988d-380f6b00bc0b
9b314c31-4a08-4356-85e9-ac7e08f7b49d,ad26dddb-79e1-40a9-a06d-f1d9cd5a854f
f3f577fb-7fc9-4c49-b473-5bf703db8ba9,3950f6ac-ef6d-4c9b-b79a-2f93b4931662
ce341dfc-495c-42ba-9d0b-98c2df4d652f,1ae0a084-8224-4ad8-9aeb-1abc6b7fee47
c5adf7e3-d884-4341-a77d-362cdeedcda0,63be427f-3525-4050-ac19-f1734b48905e
cc1ebdd6-44e0-40a9-a96e-82b56fea9343,1391683b-1166-4942-ae6d-2e15088defbc
a7cc588c-e5af-404d-860c-d4d10ec6032e,d2971c3c-970b-4071-b1c6-5fba570b207c
fb60933a-2d87-4334-b040-431a18aeafde,97a82f98-3042-4606-837d-244dab9fd347
